Sample,X,Y,Z
0,0.023,-0.012,0.730
1,-0.023,-0.008,0.902
2,0.055,-0.066,0.969
3,0.023,-0.027,0.926
4,0.016,-0.047,0.961
5,0.023,-0.055,0.969
6,-0.043,-0.035,0.914
7,0.043,-0.086,1.008
8,0.016,0.023,0.902
9,0.020,-0.098,0.988
10,-0.016,-0.023,0.902
11,-0.047,-0.066,0.918
12,-0.016,-0.031,0.992
13,-0.023,0.023,0.949
14,0.012,-0.020,0.930
15,0.043,-0.043,0.965
16,0.043,-0.031,0.949
17,0.039,-0.090,0.953
18,0.016,-0.051,0.961
19,0.043,-0.055,0.969
20,0.039,-0.020,0.969
21,-0.004,-0.008,0.953
22,-0.008,-0.062,0.969
23,-0.020,-0.039,0.961
24,0.020,0.016,0.969
25,0.039,-0.031,1.012
26,0.000,-0.047,0.934
27,0.055,-0.105,0.980
28,0.020,-0.105,0.953
29,0.043,0.000,0.969
30,0.027,-0.051,0.996
31,-0.023,-0.031,0.945
32,0.008,-0.066,0.973
33,-0.043,0.000,0.941
34,-0.020,-0.035,0.992
35,0.000,-0.031,0.945
36,0.016,-0.012,0.957
37,0.066,-0.031,0.973
38,0.012,-0.086,0.887
39,0.039,-0.109,0.910
40,0.016,0.000,0.938
41,0.016,-0.066,0.969
42,0.016,0.070,0.895
43,0.004,-0.012,0.965
44,0.027,-0.086,0.980
45,0.012,-0.020,0.887
46,0.012,0.004,0.945
47,0.047,-0.047,1.008
48,-0.035,-0.023,0.906
49,0.016,-0.141,0.953
50,0.039,-0.066,0.949
51,0.000,0.012,0.953
52,0.004,0.000,0.984
53,-0.039,-0.039,0.996
54,0.020,-0.043,0.977
55,0.012,0.004,0.953
56,0.004,-0.125,1.012
57,0.066,-0.059,0.992
58,0.023,-0.043,0.914
59,0.102,-0.051,0.984
60,0.031,-0.043,0.965
61,-0.012,-0.082,0.930
62,-0.012,-0.121,0.961
63,-0.078,0.074,0.918
64,0.012,0.000,1.027
65,-0.043,0.137,0.895
66,0.027,-0.133,1.012
67,0.078,-0.102,0.953
68,0.043,-0.047,0.906
69,0.105,0.023,0.945
70,0.027,-0.094,0.973
71,0.012,-0.145,0.965
72,-0.016,-0.016,0.887
73,-0.074,-0.039,0.957
74,-0.012,0.066,0.977
75,-0.074,0.043,0.941
76,-0.012,-0.012,0.984
77,0.020,-0.023,1.020
78,-0.016,-0.121,0.941
79,0.078,-0.055,0.891
80,0.102,-0.070,1.023
81,0.066,-0.098,0.957
82,0.023,-0.086,0.895
83,0.027,0.047,0.934
84,-0.004,-0.055,1.020
85,-0.012,0.004,0.914
86,-0.035,0.023,0.887
87,-0.020,-0.051,1.000
88,0.016,-0.023,0.957
89,0.004,-0.043,0.949
90,0.059,-0.031,0.988
91,0.070,-0.078,0.949
92,0.070,-0.066,0.898
93,0.027,-0.074,0.961
94,0.004,-0.023,0.969
95,-0.031,-0.039,0.961
96,-0.051,0.160,0.922
97,0.004,-0.062,1.055
98,-0.059,-0.078,0.945
99,0.016,-0.105,0.957
100,0.027,-0.023,1.012
101,0.035,-0.035,0.992
102,0.066,-0.023,0.980
103,0.023,-0.059,0.918
104,0.051,-0.117,1.016
105,0.000,-0.051,0.945
106,-0.070,-0.016,0.918
107,0.012,0.020,1.016
108,-0.020,0.027,0.949
109,0.012,-0.113,0.969
110,0.016,0.023,0.914
111,0.027,-0.047,0.945
112,0.043,-0.117,0.988
113,0.004,-0.020,0.898
114,0.047,-0.078,0.992
115,0.004,0.059,0.902
116,0.008,-0.070,0.949
117,0.020,-0.016,0.941
118,-0.031,0.023,0.914
119,-0.016,-0.055,0.945
120,0.004,-0.059,0.969
121,-0.004,-0.035,0.938
122,0.047,-0.086,1.004
123,0.012,-0.102,0.918
124,0.062,-0.086,0.938
125,0.039,-0.031,0.957
126,0.039,-0.102,1.031
127,0.016,0.055,0.941
128,-0.055,-0.004,0.934
129,0.012,-0.113,1.004
130,-0.027,-0.051,0.945
131,-0.016,-0.020,0.922
132,0.055,-0.051,1.016
133,0.016,-0.027,0.977
134,0.039,-0.062,0.938
135,0.020,-0.070,0.957
136,-0.012,-0.062,0.984
137,0.020,0.000,0.953
138,-0.027,0.035,0.926
139,0.016,-0.027,0.992
140,-0.031,-0.020,0.930
141,-0.012,-0.074,0.934
142,0.012,0.000,0.941
143,-0.012,-0.043,0.980
144,0.051,-0.074,0.934
145,0.027,-0.016,0.965
146,0.039,-0.098,0.973
147,0.035,-0.055,0.953
148,0.004,-0.043,0.957
149,0.012,-0.027,0.965
150,-0.016,-0.051,0.957
151,0.012,-0.008,0.965
152,-0.023,-0.062,0.949
153,0.059,-0.062,0.992
154,0.031,0.000,0.934
155,0.039,-0.082,0.984
156,0.059,-0.113,0.988
157,-0.031,0.035,0.891
158,0.023,-0.121,1.035
159,-0.027,0.008,0.918
160,0.020,-0.043,0.934
161,-0.008,-0.027,0.953
162,-0.008,-0.027,0.953
163,0.031,0.016,0.941
164,-0.004,0.016,0.898
165,0.035,-0.113,1.008
166,0.016,-0.074,0.945
167,-0.008,-0.043,0.891
168,0.035,-0.059,1.039
169,0.016,0.066,0.996
170,-0.027,-0.039,0.930
171,0.016,-0.023,0.918
172,-0.012,-0.090,0.977
173,0.004,-0.008,0.969
174,-0.043,-0.035,0.930
175,0.043,-0.047,0.984
176,0.070,-0.047,1.031
177,0.031,-0.051,0.949
178,0.031,-0.090,0.941
179,0.000,-0.082,0.988
180,0.020,-0.043,1.008
181,-0.023,0.043,0.938
182,0.016,0.004,0.977
183,0.004,-0.023,0.941
184,0.004,-0.117,0.945
185,0.031,-0.078,0.918
186,-0.008,0.043,0.930
187,0.039,-0.020,1.000
188,0.012,-0.102,0.941
189,0.023,-0.070,0.918
190,0.051,0.004,0.941
191,-0.020,-0.039,0.969
192,0.031,-0.031,0.988
193,-0.023,0.047,0.898
194,-0.023,-0.055,0.988
195,0.004,-0.047,0.973
196,-0.039,-0.031,0.867
197,0.043,-0.098,0.988
198,0.027,0.020,0.965
199,0.039,-0.035,0.965
200,0.023,-0.012,0.902
201,-0.016,-0.109,0.984
202,0.016,-0.070,1.031
203,-0.004,0.047,0.887
204,-0.004,-0.055,0.984
205,0.055,-0.086,1.066
206,0.004,-0.008,0.906
207,0.027,-0.039,0.918
208,0.008,-0.074,0.984
209,-0.012,-0.078,0.945
210,-0.012,-0.008,0.934
211,-0.004,-0.012,0.945
212,0.035,-0.027,1.020
213,0.039,0.000,0.938
214,0.035,-0.066,0.898
215,0.023,-0.078,0.988
216,-0.051,-0.012,0.930
217,0.016,-0.094,0.945
218,0.012,0.031,0.973
219,0.016,-0.070,0.992
220,0.012,-0.074,0.977
221,0.012,0.055,0.879
222,0.078,-0.047,1.012
223,0.027,-0.078,1.020
224,-0.004,-0.039,0.879
225,-0.012,-0.055,0.938
226,-0.012,-0.113,0.992
227,0.004,-0.055,0.977
228,-0.020,0.039,0.977
229,0.043,0.035,0.969
230,0.039,-0.086,0.973
231,0.023,-0.039,0.906
232,0.023,-0.062,0.930
233,0.016,-0.055,0.969
234,-0.008,-0.023,0.895
235,0.035,-0.016,0.996
236,0.020,-0.031,0.980
237,-0.027,-0.086,0.883
238,-0.008,-0.031,0.918
239,0.027,0.059,0.980
240,-0.004,-0.059,0.984
241,-0.023,-0.008,0.930
242,0.016,0.016,0.953
243,0.043,-0.059,1.031
244,0.031,-0.090,0.922
245,0.035,-0.074,0.934
246,-0.004,0.000,0.938
247,0.047,-0.090,1.012
248,-0.023,-0.008,0.895
249,0.023,-0.020,0.992
250,-0.008,-0.055,0.984
251,0.000,-0.074,0.988
252,0.020,0.000,0.938
253,0.008,0.016,0.988
254,0.047,-0.121,1.023
255,0.047,-0.121,1.023
256,-0.008,-0.039,0.859
257,0.031,-0.125,0.969
258,-0.008,-0.008,0.984
259,-0.016,0.004,0.949
260,0.012,-0.020,0.953
261,0.035,-0.023,0.938
262,0.059,-0.078,0.977
263,0.020,-0.023,0.887
264,0.016,-0.074,0.969
265,0.023,-0.047,0.977
266,-0.027,-0.062,0.977
267,0.012,-0.039,0.953
268,-0.039,-0.059,0.906
269,-0.023,-0.035,0.953
270,0.012,-0.008,1.008
271,-0.031,0.051,0.918
272,0.035,0.004,0.938
273,0.016,-0.105,0.988
274,0.066,-0.137,0.953
275,0.039,-0.078,0.902
276,0.031,-0.012,0.988
277,0.059,-0.047,1.047
278,-0.031,-0.020,0.922
279,-0.023,-0.051,0.945
280,-0.016,-0.031,1.020
281,-0.059,-0.004,0.945
282,-0.043,-0.008,0.938
283,0.027,0.027,1.000
284,0.066,-0.027,0.973
285,0.070,-0.098,0.914
286,0.070,-0.164,0.914
287,0.082,-0.035,0.930
288,0.027,0.027,0.941
289,0.000,-0.047,0.969
290,-0.039,-0.004,0.941
291,-0.098,0.027,0.957
292,-0.008,-0.051,1.020
293,-0.031,0.039,0.922
294,0.020,-0.012,0.961
295,0.035,-0.125,1.000
296,0.016,-0.078,0.930
297,0.066,-0.066,0.922
298,-0.008,-0.020,0.902
299,0.090,-0.133,1.051
300,0.016,0.035,0.906
301,-0.031,-0.043,0.949
302,0.023,-0.035,1.043
303,-0.055,0.047,0.941
304,0.008,-0.086,0.988
305,0.023,0.004,0.922
306,-0.008,-0.082,0.961
307,0.059,-0.109,0.992
308,-0.027,-0.051,0.844
309,0.035,-0.066,0.980
310,0.051,0.090,0.977
311,-0.012,-0.031,0.906
312,0.039,-0.121,0.965
313,-0.008,-0.031,0.957
314,0.043,-0.113,1.008
315,0.000,0.027,0.922
316,-0.023,-0.031,0.953
317,0.004,-0.078,1.008
318,-0.004,-0.020,0.875
319,0.008,-0.078,0.941
320,0.016,0.008,1.023
321,-0.020,-0.027,0.938
322,0.027,-0.035,0.953
323,0.020,0.016,0.961
324,0.020,-0.062,0.992
325,0.023,-0.078,0.957
326,0.004,-0.051,0.895
327,0.051,-0.078,0.996
328,0.020,-0.016,0.980
329,-0.004,-0.023,0.922
330,0.000,-0.031,0.992
331,-0.035,-0.043,0.965
332,-0.016,-0.004,0.949
333,-0.004,-0.020,0.938
334,0.012,-0.035,0.961
335,0.023,-0.105,1.008
336,0.008,0.012,0.898
337,0.066,-0.086,0.961
338,0.039,-0.031,0.965
339,0.004,-0.055,0.957
340,0.008,-0.008,0.934
341,-0.039,-0.008,0.910
342,-0.027,-0.035,0.973
343,-0.039,-0.004,0.969
344,-0.004,-0.023,0.969
345,0.004,-0.027,0.941
346,0.035,-0.051,0.988
347,0.070,-0.047,0.941
348,0.043,-0.035,0.910
349,0.070,-0.133,1.004
350,0.023,-0.004,0.930
351,-0.004,-0.066,0.961
352,-0.020,-0.012,0.941
353,-0.059,-0.074,1.020
354,0.008,-0.020,0.984
355,-0.016,0.082,0.891
356,0.051,-0.098,1.062
357,0.012,-0.039,0.910
358,0.008,-0.102,0.918
359,0.070,-0.039,0.945
360,0.004,-0.055,0.984
361,0.039,-0.078,0.961
362,-0.012,0.016,0.914
363,-0.004,-0.047,0.996
364,0.027,-0.012,0.977
365,-0.055,0.020,0.898
366,0.043,-0.023,0.996
367,-0.016,-0.020,0.961
368,0.008,-0.086,0.926
369,0.023,-0.102,0.961
370,0.035,-0.020,0.980
371,0.062,-0.082,0.992
372,0.004,0.047,0.906
373,0.027,-0.078,0.992
374,-0.031,-0.047,0.965
375,-0.020,-0.035,0.953
376,-0.039,0.027,0.953
377,0.016,-0.023,1.016
378,0.051,-0.059,0.922
379,0.039,-0.074,0.926
380,0.039,-0.098,0.988
381,0.035,-0.016,0.930
382,0.000,-0.031,0.949
383,0.027,-0.035,1.016
384,0.004,-0.004,0.957
385,0.008,-0.051,0.926
386,0.008,-0.008,0.938
387,-0.020,-0.082,0.988
388,0.043,0.012,0.926
389,-0.012,-0.004,0.922
390,0.043,-0.078,1.023
391,0.016,-0.070,0.926
392,-0.016,-0.109,0.906
393,0.062,-0.043,1.020
394,-0.008,0.059,0.969
395,0.031,-0.039,0.965
396,0.004,-0.008,0.938
397,-0.004,-0.078,0.980
398,-0.008,-0.074,0.922
399,-0.023,-0.055,0.879
400,0.039,-0.035,1.023
401,0.023,-0.012,0.992
402,-0.016,-0.055,0.918
403,0.004,-0.047,0.949
404,0.004,-0.062,1.012
405,0.043,-0.055,0.965
406,0.027,0.074,0.902
407,0.059,0.000,1.000
408,0.012,-0.074,0.992
409,0.020,-0.184,0.906
410,0.016,-0.039,0.914
411,0.004,-0.020,1.031
412,-0.051,-0.008,0.941
413,-0.047,-0.008,0.922
414,-0.008,-0.020,0.988
415,0.004,-0.039,1.008
416,0.008,0.031,0.895
417,0.043,0.000,0.949
418,0.090,-0.098,1.039
419,0.008,-0.172,0.953
420,0.008,-0.043,0.867
421,0.043,-0.059,0.984
422,0.004,0.004,0.984
423,0.004,0.004,0.984
424,-0.004,-0.051,0.992
425,-0.039,0.078,0.863
426,0.023,-0.035,1.004
427,-0.004,-0.062,0.996
428,0.004,-0.062,0.934
429,0.051,0.008,0.934
430,0.039,-0.043,0.965
431,0.047,-0.172,1.016
432,0.020,-0.039,0.875
433,-0.031,-0.047,0.922
434,0.016,-0.023,1.008
435,0.000,0.035,0.996
436,-0.008,0.031,0.914
437,0.051,0.035,1.020
438,0.012,-0.074,1.012
439,0.043,-0.074,0.914
440,-0.020,-0.090,0.875
441,0.027,-0.105,1.004
442,0.008,-0.020,0.969
443,-0.008,0.004,0.902
444,0.000,-0.012,0.957
445,0.031,-0.008,1.004
446,0.016,-0.020,0.934
447,0.023,-0.027,0.969
448,0.016,-0.039,0.980
449,0.012,-0.039,0.973
450,0.004,-0.121,0.977
451,0.004,-0.090,0.914
452,0.031,-0.016,0.926
453,0.000,-0.008,0.980
454,0.012,-0.012,0.973
455,0.012,0.012,0.957
456,0.004,0.043,0.965
457,0.016,-0.121,1.043
458,-0.012,-0.070,0.938
459,-0.016,-0.062,0.918
460,0.031,-0.070,1.016
461,-0.008,0.059,0.957
462,0.031,-0.043,0.934
463,0.051,-0.066,0.906
464,0.004,-0.078,0.914
465,0.016,0.008,0.957
466,-0.066,0.023,0.938
467,-0.012,-0.074,1.047
468,-0.016,-0.051,0.973
469,0.027,-0.008,0.969
470,0.098,-0.047,1.000
471,0.008,-0.047,0.883
472,0.066,-0.102,0.973
473,0.012,0.012,0.941
474,-0.027,-0.051,0.938
475,0.000,-0.059,0.953
476,-0.074,-0.035,0.918
477,0.035,-0.102,1.066
478,-0.039,0.023,0.906
479,-0.020,-0.066,0.957
480,0.090,-0.023,1.031
481,0.023,0.047,0.980
482,0.109,-0.059,0.957
483,0.027,-0.066,0.875
484,0.059,-0.109,0.973
485,0.020,-0.051,0.961
486,-0.066,-0.016,0.902
487,-0.008,-0.047,0.977
488,-0.070,0.070,0.934
489,-0.023,-0.109,1.000
490,-0.023,-0.016,0.934
491,0.012,0.023,0.953
492,0.078,0.004,1.004
493,0.074,-0.043,0.977
494,0.059,-0.098,0.914
495,0.059,-0.078,0.934
496,0.004,-0.160,0.984
497,-0.008,0.012,0.918
498,-0.039,0.016,0.969
499,-0.027,0.008,0.973
500,-0.023,-0.051,0.984
501,-0.051,0.031,0.918
502,0.000,-0.062,0.992
503,0.043,-0.020,0.969
504,0.066,-0.141,0.957
505,0.094,-0.082,0.961
506,0.078,-0.066,0.957
507,0.027,-0.098,0.945
508,0.031,-0.066,0.980
509,-0.062,0.047,0.945
510,-0.047,0.043,0.941
511,-0.070,0.004,0.949
512,-0.016,-0.070,0.977
513,-0.012,-0.027,0.953
514,0.039,0.031,0.941
515,0.094,-0.055,0.965
516,0.078,-0.121,0.953
517,0.059,-0.109,0.938
518,0.070,-0.047,0.945
519,-0.012,-0.012,0.949
520,-0.020,0.016,1.012
521,-0.031,0.008,0.961
522,-0.074,0.016,0.910
523,-0.004,-0.070,1.000
524,-0.043,-0.066,0.938
525,0.035,-0.090,0.938
526,0.086,-0.004,0.965
527,0.086,-0.098,1.031
528,0.082,-0.055,0.957
529,-0.023,-0.070,0.902
530,0.016,-0.082,1.004
531,-0.035,-0.012,0.945
532,-0.051,0.020,0.918
533,-0.004,-0.035,1.004
534,-0.027,0.031,0.969
535,-0.016,-0.078,0.922
536,0.020,-0.082,0.926
537,0.062,-0.047,0.965
538,0.066,-0.086,0.984
539,0.020,0.008,0.914
540,0.078,-0.035,1.008
541,-0.016,-0.004,0.965
542,-0.008,-0.066,0.941
543,-0.020,0.004,0.930
544,-0.020,0.000,0.969
545,0.016,-0.043,0.957
546,0.008,-0.062,0.953
547,0.035,-0.004,0.930
548,0.051,-0.074,1.020
549,0.031,-0.074,0.973
550,0.023,-0.062,0.969
551,0.004,-0.023,0.988
552,-0.012,-0.074,0.992
553,-0.023,0.004,0.922
554,-0.004,0.016,0.941
555,0.016,-0.004,0.992
556,-0.012,-0.004,0.930
557,0.023,-0.066,0.879
558,0.062,-0.105,0.973
559,0.055,-0.043,0.961
560,0.008,-0.051,0.938
561,0.023,-0.043,0.992
562,-0.008,0.035,0.953
563,0.008,-0.023,0.996
564,0.000,-0.074,0.969
565,-0.016,-0.008,0.879
566,-0.008,-0.039,0.930
567,-0.008,-0.031,0.973
568,0.023,0.008,0.945
569,0.016,-0.035,0.938
570,0.051,-0.164,1.004
571,0.086,-0.074,0.969
572,0.012,0.031,0.891
573,0.027,-0.109,1.059
574,0.004,-0.004,0.969
575,-0.020,0.000,0.914
576,0.004,-0.043,0.984
577,-0.027,-0.012,0.941
578,-0.008,-0.105,0.918
579,-0.031,-0.012,0.926
580,0.031,-0.043,1.047
581,0.039,0.043,0.914
582,0.027,-0.031,0.918
583,0.105,-0.121,1.035
584,0.039,-0.059,0.922
585,0.004,-0.055,0.906
586,0.008,0.000,0.988
587,-0.020,-0.059,0.984
588,-0.027,0.020,0.906
589,-0.016,0.004,0.965
590,-0.031,-0.105,0.973
591,-0.008,0.008,0.906
592,0.023,-0.031,0.980
593,0.066,-0.016,0.996
594,0.043,-0.023,0.949
595,0.035,-0.070,0.941
596,0.055,-0.156,1.000
597,0.004,0.016,0.887
598,0.004,-0.039,0.988
599,-0.023,-0.062,1.000
600,-0.062,0.004,0.914
601,-0.027,0.078,0.953
602,0.000,0.000,0.980
603,0.043,-0.121,0.973
604,0.043,-0.070,0.918
605,0.059,-0.109,0.992
606,0.074,-0.031,0.945
607,0.035,-0.074,0.945
608,0.004,-0.051,0.953
609,0.016,-0.035,1.004
610,-0.035,0.031,0.906
611,-0.016,-0.023,0.953
612,-0.008,-0.051,0.973
613,-0.023,-0.008,0.918
614,0.016,0.023,0.953
615,0.020,-0.055,0.961
616,0.035,-0.086,0.934
617,0.043,-0.066,0.965
618,0.047,-0.066,0.965
619,0.043,-0.043,0.984
620,0.023,0.047,0.945
621,-0.023,-0.066,0.973
622,0.000,-0.074,1.004
623,-0.043,0.059,0.875
624,-0.043,-0.086,1.000
625,0.004,-0.074,0.969
626,-0.020,-0.016,0.891
627,0.094,-0.062,1.023
628,0.020,-0.016,0.922
629,0.082,-0.078,0.988
630,0.027,-0.059,0.945
631,0.012,-0.027,0.949
632,0.023,-0.031,1.000
633,-0.043,-0.023,0.910
634,0.000,-0.070,0.949
635,0.012,0.023,0.961
636,0.000,-0.035,0.918
637,0.031,-0.020,0.941
638,-0.012,-0.051,0.957
639,0.031,-0.133,0.988
640,0.004,0.008,0.953
641,0.008,-0.004,0.992
642,0.051,-0.059,1.023
643,0.012,-0.008,0.902
644,0.020,-0.043,0.941
645,0.012,-0.070,0.980
646,-0.008,-0.008,0.906
647,-0.004,-0.062,0.961
648,0.016,-0.043,0.980
649,0.031,-0.023,0.961
650,-0.016,-0.027,0.945
651,0.031,-0.090,0.988
652,0.051,-0.039,0.957
653,0.035,0.008,0.949
654,0.000,-0.055,0.941
655,0.051,-0.059,0.984
656,-0.039,-0.035,0.902
657,0.000,-0.078,0.969
658,0.004,-0.031,0.969
659,-0.008,0.043,0.926
660,0.012,-0.090,0.992
661,0.000,-0.051,0.949
662,0.020,-0.039,0.973
663,0.051,0.027,0.957
664,0.023,-0.020,0.922
665,0.066,-0.074,1.004
666,-0.008,-0.098,0.910
667,-0.012,-0.105,0.953
668,-0.004,-0.004,0.977
669,-0.074,0.039,0.945
670,0.047,-0.090,1.008
671,-0.020,0.031,0.910
672,0.023,-0.066,1.004
673,0.035,-0.035,0.945
674,0.004,-0.051,0.902
675,0.074,-0.055,1.016
676,0.027,-0.004,0.957
677,0.023,-0.117,0.941
678,-0.004,-0.043,0.922
679,-0.016,-0.094,0.988
680,-0.020,0.051,0.953
681,-0.035,0.051,0.941
682,-0.035,-0.023,0.973
683,0.055,-0.027,1.000
684,0.004,-0.055,0.910
685,0.066,-0.129,0.980
686,0.074,-0.070,0.961
687,0.027,0.000,0.914
688,0.047,-0.070,1.004
689,-0.023,-0.016,0.906
690,-0.020,-0.066,0.949
691,-0.039,0.008,0.965
692,-0.012,0.016,0.965
693,0.008,-0.012,1.004
694,-0.023,0.008,0.934
695,0.027,-0.137,1.000
696,0.035,-0.051,0.945
697,0.027,-0.031,0.938
698,0.094,-0.074,1.000
699,0.039,0.020,0.926
700,0.027,-0.020,0.957
701,-0.008,-0.070,0.969
702,-0.031,-0.066,0.941
703,-0.043,0.020,0.949
704,-0.039,0.004,0.977
705,0.027,-0.074,0.984
706,0.016,-0.051,0.957
707,0.035,-0.059,0.941
708,0.066,-0.051,0.969
709,0.027,-0.016,0.938
710,0.039,-0.031,0.977
711,0.012,-0.035,0.965
712,-0.016,-0.070,0.938
713,-0.012,-0.055,0.906
714,-0.012,-0.008,0.945
715,-0.012,-0.035,0.988
716,-0.012,0.023,0.934
717,-0.008,-0.059,0.945
718,0.059,-0.055,1.012
719,0.031,-0.051,0.941
720,0.078,-0.020,0.949
721,0.031,-0.078,1.008
722,-0.020,-0.035,0.945
723,0.039,0.000,0.977
724,-0.039,0.070,0.906
725,-0.035,-0.102,0.992
726,-0.035,0.004,0.918
727,0.004,-0.020,0.914
728,0.055,-0.023,1.004
729,0.039,-0.023,0.973
730,0.039,-0.047,0.941
731,0.039,-0.047,0.945
732,0.020,-0.129,0.984
733,-0.004,-0.078,0.988
734,-0.023,0.047,0.934
735,-0.016,0.000,0.992
736,0.023,-0.012,1.016
737,-0.020,0.008,0.867
738,0.016,-0.078,0.910
739,0.035,-0.078,0.973
740,0.004,-0.051,0.941
741,0.020,-0.062,0.961
742,0.016,-0.059,0.953
743,0.062,-0.035,1.008
744,-0.008,-0.039,0.992
745,0.008,-0.047,0.953
746,-0.016,-0.039,0.953
747,-0.016,0.047,0.965
748,0.016,-0.086,0.988
749,0.008,-0.027,0.906
750,0.004,-0.113,0.930
751,0.023,-0.086,0.949
752,0.023,-0.059,0.941
753,-0.012,0.020,0.934
754,0.008,-0.070,1.035
755,0.023,0.008,0.957
756,0.008,0.020,0.926
757,0.027,-0.020,1.012
758,0.020,-0.086,0.965
759,0.020,-0.086,0.965
760,0.004,-0.062,0.863
761,0.027,-0.039,0.957
762,0.023,-0.039,1.004
763,-0.016,-0.082,0.906
764,0.016,-0.051,0.945
765,0.020,-0.059,1.023
766,-0.008,0.027,0.957
767,0.004,0.023,0.941
768,-0.020,-0.055,1.000
769,0.020,-0.094,0.996
770,0.008,0.027,0.855
771,0.047,-0.043,0.938
772,0.078,-0.109,1.027
773,-0.020,-0.070,0.898
774,0.043,-0.074,0.969
775,-0.035,0.078,0.930
776,-0.004,-0.078,1.039
777,0.008,-0.059,0.969
778,-0.043,-0.031,0.898
779,0.035,-0.039,1.020
780,-0.027,0.066,0.918
781,0.043,-0.145,0.980
782,0.031,0.004,0.887
783,0.035,-0.098,0.969
784,0.031,-0.070,0.934
785,0.000,-0.020,0.910
786,0.031,-0.059,1.020
787,0.004,0.016,1.031
788,-0.047,0.023,0.910
789,0.000,-0.082,0.980
790,-0.008,-0.027,0.957
791,0.035,-0.086,0.973
792,0.039,0.039,0.895
793,0.074,-0.090,0.961
794,0.047,-0.074,0.926
795,0.008,-0.105,0.949
796,-0.012,-0.059,0.926
797,-0.047,0.004,1.000
798,-0.035,-0.012,0.996
799,-0.020,0.008,0.984
800,0.023,-0.020,0.988
801,0.020,-0.004,0.941
802,0.070,-0.066,0.965
803,0.043,-0.078,0.887
804,0.039,-0.059,0.926
805,0.027,-0.070,1.004
806,-0.004,-0.051,0.934
807,-0.016,-0.086,0.941
808,0.004,0.055,0.949
809,0.004,-0.008,1.008
810,-0.027,0.004,0.941
811,-0.008,-0.031,0.957
812,0.000,-0.035,0.988
813,0.047,-0.031,0.973
814,0.062,-0.062,0.938
815,0.059,-0.125,0.941
816,0.035,-0.086,0.977
817,0.008,-0.012,0.945
818,-0.039,-0.020,0.949
819,-0.004,0.066,0.969
820,-0.031,0.051,0.969
821,-0.016,-0.070,1.000
822,-0.027,-0.012,0.902
823,0.016,-0.020,0.973
824,0.082,-0.051,1.043
825,0.031,-0.016,0.910
826,0.094,-0.109,0.961
827,0.008,-0.051,0.898
828,0.023,-0.082,0.980
829,0.000,0.039,0.945
830,-0.070,0.020,0.945
831,0.000,-0.066,1.035
832,-0.074,0.039,0.883
833,0.047,-0.074,0.961
834,0.039,-0.043,0.965
835,0.012,-0.070,0.957
836,0.098,-0.094,0.973
837,-0.016,0.059,0.887
838,0.066,-0.133,1.066
839,0.004,-0.012,0.957
840,-0.051,0.008,0.918
841,0.016,-0.020,1.008
842,-0.051,0.023,0.910
843,0.004,-0.062,0.949
844,-0.004,0.027,0.949
845,0.004,-0.105,0.988
846,0.035,-0.035,0.930
847,0.008,-0.047,0.910
848,0.074,-0.113,1.035
849,0.027,-0.008,0.973
850,-0.016,0.008,0.934
851,0.016,-0.047,1.027
852,-0.039,-0.004,0.879
853,0.020,-0.082,0.953
854,0.000,-0.016,0.984
855,-0.023,-0.043,0.945
856,0.035,-0.059,0.941
857,0.023,-0.035,0.965
858,0.066,-0.105,1.031
859,0.012,0.000,0.910
860,-0.008,-0.098,0.926
861,0.023,-0.027,1.008
862,-0.035,-0.016,0.957
863,-0.023,0.004,0.926
864,0.047,0.004,0.977
865,0.027,-0.012,0.938
866,0.047,-0.109,0.992
867,-0.008,-0.004,0.895
868,0.023,-0.086,0.949
869,0.055,-0.043,1.031
870,-0.016,-0.004,0.918
871,0.031,-0.059,1.000
872,-0.055,0.023,0.930
873,0.020,-0.105,0.969
874,0.012,-0.027,0.945
875,-0.008,0.043,0.918
876,0.051,-0.059,1.023
877,-0.043,-0.047,0.898
878,0.027,-0.148,0.973
879,0.023,0.023,0.965
880,0.035,0.012,0.992
881,0.066,-0.047,0.984
882,0.008,-0.031,0.902
883,0.051,-0.090,0.977
884,-0.023,0.023,0.941
885,-0.039,-0.047,0.934
886,-0.035,-0.055,0.961
887,-0.023,-0.094,1.008
888,0.012,-0.004,0.926
889,0.031,0.055,0.922
890,0.074,-0.129,1.023
891,0.078,-0.004,0.977
892,0.027,-0.039,0.922
893,0.016,-0.031,0.941
894,-0.004,-0.078,1.008
895,-0.016,-0.051,0.957
896,-0.031,-0.059,0.957
897,-0.012,0.020,0.918
898,0.000,-0.016,0.926
899,0.012,-0.027,0.977
900,0.027,-0.023,0.969
901,0.012,0.016,0.914
902,0.027,-0.062,0.992
903,0.066,-0.125,1.004
904,0.008,-0.086,0.906
905,0.020,-0.035,0.965
906,0.027,-0.012,1.008
907,-0.027,0.012,0.934
908,-0.008,-0.023,0.918
909,-0.004,-0.039,0.969
910,-0.004,-0.055,0.965
911,0.008,-0.012,0.930
912,0.020,-0.020,0.957
913,0.031,-0.078,0.988
914,0.027,-0.039,0.957
915,0.062,-0.098,0.957
916,0.012,-0.047,0.922
917,0.016,0.000,0.953
918,0.004,0.012,0.988
919,-0.012,0.031,0.914
920,0.008,-0.047,0.945
921,0.020,-0.031,0.988
922,0.020,-0.070,0.945
923,-0.004,-0.090,0.906
924,0.016,-0.062,0.965
925,0.039,-0.066,1.027
926,0.004,-0.012,0.949
927,0.012,-0.008,0.930
928,0.000,-0.020,0.980
929,-0.008,-0.047,0.973
930,0.020,-0.055,0.938
931,0.008,0.035,0.914
932,0.012,-0.102,1.039
933,0.016,-0.094,0.949
934,0.035,-0.102,0.898
935,0.020,0.043,0.941
936,0.023,-0.070,1.055
937,-0.043,-0.016,0.898
938,-0.027,-0.066,0.930
939,0.012,-0.078,1.027
940,0.012,0.078,0.953
941,0.020,-0.004,0.910
942,0.012,-0.078,0.957
943,0.039,-0.121,1.020
944,0.012,-0.027,0.883
945,0.000,-0.031,0.914
946,0.078,-0.031,1.043
947,0.000,-0.012,0.965
948,0.012,-0.074,0.949
949,0.008,0.000,0.930
950,-0.020,-0.082,1.004
951,0.000,-0.012,0.965
952,-0.008,0.000,0.926
953,0.008,-0.039,0.977
954,-0.004,-0.094,0.953
955,0.039,-0.074,0.949
956,0.062,0.027,0.953
957,0.016,-0.012,0.953
958,0.031,-0.082,0.953
959,-0.004,-0.012,0.926
960,-0.016,-0.066,0.992
961,-0.008,-0.039,0.992
962,-0.027,-0.031,0.941
963,0.012,-0.035,0.988
964,0.004,-0.039,0.934
965,0.035,-0.082,0.941
966,0.023,-0.004,0.957
967,0.004,-0.051,0.961
968,0.016,-0.043,0.930
969,0.000,-0.016,0.953
970,0.027,-0.059,0.996
971,0.043,-0.090,0.941
972,0.012,-0.059,0.930
973,0.020,0.023,1.008
974,-0.012,0.016,0.988
975,-0.035,-0.098,0.918
976,0.023,-0.047,0.977
977,0.020,-0.043,0.988
978,0.008,-0.031,0.938
979,0.000,0.000,0.883
980,0.035,-0.047,0.980
981,0.035,-0.066,1.000
982,-0.039,0.008,0.883
983,-0.008,-0.035,0.961
984,0.027,-0.070,0.984
985,0.012,-0.027,0.938
986,0.055,-0.047,1.004
987,-0.012,0.020,0.945
988,0.020,-0.035,0.965
989,0.008,-0.016,0.957
990,-0.004,-0.039,0.965
991,0.000,-0.066,0.949
992,-0.016,-0.027,0.922
993,0.031,-0.055,1.016
994,0.016,0.059,0.961
995,-0.004,-0.031,0.934
996,0.031,-0.070,0.957
997,0.043,-0.062,0.965
998,-0.016,-0.062,0.914
999,0.020,-0.055,0.969
Rate 1349, overflows 0
