Sample,X,Y,Z
0,-0.027,-0.148,0.707
1,0.133,-0.109,0.898
2,0.133,-0.109,0.898
3,0.059,-0.070,0.910
4,0.055,-0.094,1.059
5,0.203,0.012,0.859
6,-0.031,-0.098,1.012
7,0.094,-0.188,1.016
8,0.086,-0.031,0.930
9,-0.051,-0.102,1.031
10,0.141,0.000,0.992
11,-0.102,0.004,1.039
12,0.129,-0.070,0.953
13,-0.035,-0.012,0.953
14,0.133,-0.051,1.039
15,0.023,-0.148,0.848
16,0.008,-0.047,1.043
17,0.016,-0.176,1.035
18,-0.027,0.102,0.828
19,0.059,-0.137,1.070
20,-0.074,-0.008,0.961
21,0.055,-0.148,1.004
22,0.012,-0.094,0.953
23,-0.062,0.074,0.918
24,0.129,-0.066,1.035
25,-0.109,-0.055,0.859
26,-0.023,0.000,0.934
27,0.121,-0.078,1.082
28,-0.027,-0.008,0.852
29,0.172,-0.188,1.023
30,0.086,-0.023,0.969
31,0.074,0.035,0.949
32,0.141,-0.172,0.969
33,-0.008,-0.098,0.957
34,-0.012,-0.016,0.926
35,0.039,-0.027,0.980
36,-0.078,0.035,0.922
37,0.031,-0.074,0.965
38,0.031,-0.094,1.051
39,0.027,0.035,0.852
40,0.133,-0.094,0.949
41,-0.004,-0.137,1.059
42,0.031,-0.055,0.852
43,0.020,-0.027,0.918
44,0.008,-0.047,1.051
45,0.020,-0.082,0.898
46,0.078,-0.090,0.945
47,-0.035,-0.152,1.027
48,0.039,0.105,0.996
49,0.133,-0.031,0.902
50,-0.160,-0.070,1.008
51,0.105,-0.078,1.020
52,-0.047,-0.051,0.883
53,0.105,0.020,1.074
54,0.156,-0.090,0.977
55,-0.141,-0.023,0.949
56,0.355,-0.160,1.047
57,-0.152,-0.094,0.945
58,0.121,0.020,0.969
59,0.035,-0.098,1.023
60,-0.074,-0.012,0.984
61,0.066,-0.148,0.910
62,-0.121,0.035,1.035
63,-0.016,-0.055,0.926
64,0.051,-0.043,0.906
65,0.027,-0.078,1.105
66,0.000,0.004,0.891
67,0.262,-0.105,0.879
68,-0.180,-0.184,0.961
69,0.152,-0.039,0.941
70,0.031,-0.086,0.914
71,-0.047,0.105,0.945
72,0.129,-0.152,0.965
73,-0.055,-0.027,1.027
74,0.195,-0.188,0.934
75,0.020,0.008,0.867
76,-0.086,-0.055,0.977
77,0.133,-0.082,1.004
78,-0.082,-0.043,0.914
79,0.074,-0.043,0.934
80,0.105,0.059,1.020
81,-0.078,-0.148,0.934
82,0.234,-0.184,0.984
83,-0.078,-0.051,1.012
84,0.031,0.008,0.984
85,0.062,0.004,0.859
86,-0.133,-0.059,1.094
87,0.098,-0.184,1.023
88,-0.062,0.047,0.828
89,0.086,0.012,1.016
90,-0.012,-0.164,1.020
91,0.121,-0.066,0.945
92,-0.055,-0.094,0.965
93,0.105,0.102,0.988
94,0.027,-0.066,1.012
95,0.031,-0.164,0.934
96,0.055,-0.191,0.977
97,-0.031,0.078,0.992
98,0.105,0.000,0.938
99,0.055,-0.086,1.008
100,-0.051,-0.172,1.012
101,0.168,0.082,0.941
102,-0.117,-0.043,0.922
103,0.148,-0.098,1.008
104,-0.035,-0.059,0.906
105,-0.023,-0.043,0.980
106,0.184,-0.020,0.891
107,-0.215,0.012,0.930
108,0.289,-0.156,1.086
109,-0.090,-0.109,0.805
110,0.031,-0.008,0.996
111,0.152,-0.070,0.988
112,-0.199,0.055,0.883
113,0.312,-0.199,1.004
114,-0.191,-0.094,0.938
115,0.074,0.062,0.945
116,0.094,-0.090,0.957
117,-0.141,-0.016,0.953
118,0.121,-0.125,1.016
119,0.004,0.000,0.891
120,0.020,-0.008,1.047
121,0.215,-0.199,1.016
122,-0.070,-0.125,0.945
123,0.047,-0.004,0.996
124,0.062,-0.051,0.926
125,-0.035,0.027,0.992
126,0.016,-0.203,0.984
127,0.020,-0.035,0.984
128,0.027,0.043,0.996
129,0.133,-0.043,0.965
130,-0.070,-0.055,1.047
131,0.113,-0.102,0.891
132,0.020,-0.059,0.930
133,-0.086,-0.020,1.023
134,0.098,-0.059,0.945
135,-0.074,-0.016,0.957
136,0.000,-0.160,0.961
137,0.129,0.031,1.012
138,-0.016,-0.066,0.957
139,0.137,-0.102,0.902
140,0.043,-0.086,1.027
141,0.020,-0.039,0.918
142,0.094,-0.035,0.953
143,-0.113,-0.066,0.969
144,-0.027,-0.020,0.953
145,0.094,-0.020,1.016
146,-0.055,-0.055,0.875
147,0.172,-0.082,1.020
148,0.027,-0.133,1.004
149,-0.016,0.020,0.945
150,0.168,-0.043,0.906
151,-0.195,0.012,0.980
152,0.113,-0.121,0.957
153,-0.020,-0.172,0.902
154,0.000,0.039,1.023
155,0.180,-0.008,0.926
156,0.000,-0.102,1.008
157,0.094,-0.148,0.930
158,-0.004,0.066,0.938
159,-0.016,-0.117,0.996
160,0.004,-0.070,0.902
161,0.004,-0.078,1.035
162,-0.051,-0.031,1.023
163,0.113,0.016,0.898
164,-0.062,-0.133,1.031
165,0.180,-0.070,1.008
166,0.066,-0.094,0.898
167,-0.027,-0.082,1.020
168,0.066,-0.062,0.957
169,-0.027,-0.004,1.023
170,0.062,-0.086,0.875
171,-0.094,0.051,1.000
172,0.129,-0.039,1.008
173,-0.086,-0.137,0.859
174,0.191,-0.066,1.121
175,-0.129,-0.016,0.887
176,0.133,0.125,0.902
177,0.000,-0.230,0.992
178,0.000,0.031,1.023
179,0.125,-0.121,0.848
180,-0.113,-0.051,0.957
181,0.184,-0.117,1.062
182,-0.090,0.004,0.875
183,0.078,-0.059,1.031
184,0.070,-0.016,0.836
185,-0.047,-0.027,1.043
186,0.160,-0.191,1.000
187,-0.047,0.020,0.824
188,0.035,-0.105,0.992
189,0.016,-0.023,1.012
190,-0.039,-0.016,0.898
191,0.184,-0.062,1.039
192,-0.039,-0.039,0.977
193,0.078,-0.078,0.918
194,0.102,-0.242,0.977
195,-0.035,-0.039,0.973
196,-0.117,0.047,0.930
197,0.148,0.062,0.898
198,-0.094,-0.102,1.043
199,0.090,-0.129,1.016
200,0.105,-0.078,0.891
201,-0.113,-0.023,1.012
202,0.188,-0.152,1.031
203,-0.070,0.086,0.891
204,0.062,-0.113,0.984
205,0.043,-0.156,1.027
206,-0.086,-0.016,0.980
207,0.207,-0.043,0.906
208,-0.105,-0.047,0.992
209,0.020,-0.102,1.012
210,0.098,0.004,0.906
211,0.012,-0.105,0.980
212,0.031,-0.070,0.969
213,0.035,0.070,0.922
214,0.051,-0.156,1.055
215,0.082,-0.031,0.863
216,-0.012,-0.074,0.949
217,0.043,-0.074,0.957
218,0.051,-0.109,0.922
219,0.070,-0.086,1.051
220,-0.070,0.066,0.875
221,0.117,-0.027,0.980
222,-0.078,-0.188,0.961
223,0.102,0.020,0.961
224,0.031,-0.074,0.977
225,-0.039,0.039,0.871
226,0.129,-0.152,1.055
227,-0.062,-0.117,0.984
228,0.148,0.020,0.832
229,-0.078,0.004,1.012
230,0.164,-0.102,1.043
231,0.020,-0.121,0.852
232,0.012,-0.109,1.070
233,0.035,-0.031,0.938
234,-0.066,0.039,0.992
235,0.109,-0.152,0.977
236,-0.133,0.039,0.969
237,0.137,-0.055,0.957
238,-0.031,-0.113,1.004
239,0.055,-0.051,0.957
240,0.145,-0.133,0.953
241,-0.051,0.078,0.965
242,0.105,-0.082,0.926
243,0.023,-0.094,1.016
244,0.066,-0.152,0.973
245,-0.012,0.004,0.926
246,0.000,-0.055,1.016
247,0.031,-0.023,0.934
248,-0.105,-0.039,0.984
249,0.113,-0.039,0.914
250,-0.027,0.004,0.965
251,0.223,-0.176,1.059
252,-0.035,-0.098,0.867
253,0.117,0.035,1.020
254,0.047,-0.137,0.891
255,-0.094,-0.039,0.953
256,0.141,-0.156,0.992
257,-0.152,0.078,0.973
258,0.164,-0.086,0.934
259,0.008,-0.090,1.012
260,0.016,-0.055,0.984
261,0.012,-0.098,0.902
262,0.039,0.008,0.977
263,-0.020,-0.082,0.926
264,0.070,0.059,0.992
265,0.000,-0.133,0.895
266,0.043,-0.043,0.992
267,0.109,-0.160,0.980
268,-0.062,0.066,0.945
269,0.172,-0.082,0.906
270,-0.055,-0.098,1.023
271,0.012,-0.070,0.988
272,0.008,-0.016,0.934
273,0.062,0.051,1.023
274,-0.098,-0.129,0.910
275,0.133,-0.082,1.055
276,-0.016,-0.078,0.895
277,0.090,0.012,0.992
278,0.082,-0.148,1.043
279,-0.008,0.016,0.918
280,0.227,-0.090,0.969
281,-0.156,-0.078,0.941
282,0.148,-0.086,1.035
283,-0.035,-0.109,0.934
284,-0.090,0.020,1.016
285,0.137,-0.035,0.961
286,-0.195,0.020,0.914
287,0.195,-0.129,1.027
288,-0.016,-0.133,0.898
289,0.117,-0.059,0.988
290,0.102,-0.059,0.910
291,-0.031,0.023,0.977
292,0.086,-0.230,1.027
293,0.008,0.051,0.844
294,-0.074,-0.066,1.043
295,0.191,-0.020,0.883
296,-0.160,-0.129,0.918
297,0.148,-0.066,1.129
298,0.000,0.012,0.797
299,0.016,0.043,1.074
300,0.129,-0.188,0.957
301,-0.098,-0.008,0.844
302,0.129,-0.148,1.070
303,-0.105,-0.043,0.891
304,0.074,-0.012,1.082
305,0.148,-0.168,0.891
306,-0.035,0.031,0.945
307,0.062,-0.160,1.059
308,0.180,0.031,0.879
309,-0.121,-0.129,1.000
310,0.105,-0.109,0.980
311,-0.098,0.031,0.934
312,-0.051,0.047,0.977
313,0.016,-0.125,0.965
314,-0.008,0.047,1.039
315,0.129,-0.234,0.930
316,0.148,0.020,0.957
317,-0.066,-0.133,0.984
318,0.172,-0.043,0.953
319,-0.125,-0.074,0.922
320,0.008,0.031,0.965
321,0.156,0.004,0.965
322,-0.188,-0.074,0.957
323,0.281,-0.199,1.055
324,-0.078,-0.008,0.914
325,0.043,0.027,0.973
326,0.180,-0.059,0.934
327,-0.211,-0.066,0.977
328,0.156,-0.168,0.984
329,-0.078,0.023,0.945
330,0.074,-0.031,0.977
331,0.141,-0.082,0.934
332,-0.121,-0.086,1.020
333,0.078,-0.031,0.941
334,0.129,0.004,0.898
335,-0.055,-0.094,0.992
336,0.062,-0.066,0.914
337,0.008,-0.066,1.031
338,-0.082,-0.125,0.965
339,0.184,0.035,0.863
340,-0.035,0.023,1.051
341,0.090,-0.086,0.898
342,0.141,-0.230,0.930
343,-0.125,-0.094,1.062
344,0.230,0.059,0.898
345,-0.141,0.086,0.941
346,0.055,-0.152,1.070
347,0.039,-0.102,0.988
348,-0.117,-0.090,0.953
349,0.195,-0.074,0.934
350,-0.082,0.023,1.000
351,0.051,-0.094,1.000
352,0.062,0.020,0.844
353,-0.027,-0.113,1.043
354,0.137,-0.141,0.941
355,0.008,-0.016,0.977
356,0.043,-0.109,1.016
357,0.051,0.055,0.910
358,0.043,-0.086,1.043
359,-0.113,-0.090,0.871
360,0.203,-0.074,1.008
361,-0.164,-0.055,0.941
362,0.051,0.059,0.957
363,0.105,-0.145,0.973
364,-0.145,-0.047,0.957
365,0.230,-0.070,0.926
366,-0.137,-0.016,1.035
367,0.207,-0.031,0.941
368,0.008,-0.113,0.906
369,-0.012,-0.098,1.035
370,0.125,-0.113,0.934
371,-0.020,0.121,0.918
372,0.031,-0.188,1.004
373,0.020,0.016,0.973
374,0.082,-0.113,0.941
375,-0.059,-0.047,0.984
376,0.145,-0.051,0.922
377,-0.129,-0.066,1.004
378,0.109,-0.008,0.980
379,-0.016,-0.082,0.883
380,0.016,0.066,0.980
381,0.141,-0.156,0.988
382,-0.047,-0.109,0.938
383,0.211,-0.172,0.992
384,-0.027,0.066,0.945
385,-0.012,-0.051,0.973
386,0.078,-0.168,0.930
387,-0.109,-0.039,1.012
388,0.168,-0.039,0.961
389,-0.145,0.031,0.859
390,0.113,-0.105,1.156
391,0.086,-0.117,0.867
392,-0.074,-0.027,0.902
393,0.203,-0.141,1.090
394,-0.145,0.102,0.895
395,0.156,-0.180,1.008
396,0.031,-0.141,0.953
397,0.020,0.086,0.957
398,0.113,-0.129,0.961
399,-0.016,-0.098,0.984
400,0.027,-0.070,0.984
401,0.035,-0.039,0.930
402,-0.141,0.047,0.926
403,0.090,-0.055,0.996
404,-0.062,-0.176,0.980
405,0.035,0.051,0.945
406,0.125,-0.066,0.922
407,0.125,-0.043,0.980
408,0.027,-0.191,0.914
409,0.082,-0.070,0.957
410,0.047,0.012,0.965
411,0.086,0.016,0.891
412,-0.121,-0.125,1.020
413,0.051,-0.059,0.949
414,0.008,-0.074,1.012
415,-0.055,0.020,0.957
416,0.137,-0.039,0.984
417,-0.035,-0.016,1.016
418,0.055,-0.121,0.859
419,0.062,-0.117,1.004
420,-0.012,0.004,0.996
421,0.129,-0.098,0.902
422,-0.020,-0.055,1.020
423,0.086,-0.055,0.973
424,0.125,-0.027,0.945
425,-0.105,-0.109,0.926
426,0.180,-0.066,1.047
427,-0.094,-0.051,0.918
428,-0.023,-0.020,1.023
429,0.035,-0.059,0.883
430,-0.078,0.016,1.055
431,0.121,-0.168,0.941
432,-0.047,-0.066,0.926
433,0.133,-0.043,1.066
434,0.141,0.039,0.859
435,-0.039,-0.109,1.000
436,0.172,-0.148,0.926
437,-0.031,0.004,0.945
438,0.000,-0.066,0.996
439,0.035,-0.070,1.004
440,-0.070,-0.012,0.945
441,0.012,-0.023,0.953
442,0.051,-0.023,0.957
443,0.039,-0.055,1.012
444,0.148,-0.184,0.957
445,-0.027,-0.086,0.930
446,0.074,0.012,0.934
447,-0.062,-0.012,0.949
448,-0.020,-0.086,1.008
449,0.062,-0.156,0.961
450,0.070,0.102,0.910
451,0.059,-0.121,1.062
452,0.152,-0.125,0.926
453,-0.059,-0.117,0.934
454,-0.012,0.000,1.000
455,0.109,0.098,0.883
456,-0.098,-0.133,0.977
457,0.102,-0.156,1.066
458,-0.109,-0.020,0.895
459,0.156,-0.027,0.984
460,0.031,-0.078,0.996
461,-0.051,0.031,0.957
462,0.148,-0.113,0.941
463,0.008,-0.043,1.043
464,0.078,-0.090,0.926
465,0.055,-0.051,0.891
466,-0.105,-0.102,1.074
467,0.043,-0.062,0.922
468,-0.027,0.062,0.930
469,0.055,-0.027,1.012
470,0.070,-0.074,0.996
471,0.117,-0.172,0.941
472,-0.031,-0.078,0.938
473,0.004,0.027,0.992
474,0.039,-0.008,0.961
475,-0.035,-0.035,0.852
476,0.043,-0.156,1.082
477,0.059,-0.020,0.988
478,0.168,-0.062,0.906
479,-0.031,-0.199,0.926
480,0.035,-0.031,1.023
481,0.012,0.066,0.918
482,-0.012,-0.125,0.961
483,0.145,-0.141,1.023
484,-0.078,0.004,0.949
485,0.156,-0.074,0.980
486,-0.035,-0.105,0.875
487,-0.023,-0.047,1.070
488,0.070,-0.062,0.918
489,-0.047,0.047,0.891
490,0.148,-0.141,1.074
491,-0.027,-0.004,0.973
492,0.086,-0.164,0.969
493,0.035,-0.059,0.820
494,0.016,0.004,1.055
495,-0.020,-0.070,1.020
496,-0.023,-0.012,0.855
497,0.129,-0.078,1.078
498,-0.070,-0.023,0.898
499,0.180,-0.094,0.957
500,-0.039,-0.137,1.027
501,0.055,0.012,0.895
502,-0.055,-0.152,1.004
503,0.105,0.062,0.984
504,-0.047,-0.070,0.953
505,0.086,-0.113,0.961
506,-0.105,-0.215,0.973
507,0.180,0.070,1.082
508,0.066,-0.043,0.820
509,0.016,0.086,0.953
510,0.125,-0.301,1.086
511,-0.074,-0.020,0.875
512,0.062,-0.059,0.973
513,-0.047,-0.008,0.934
514,-0.020,0.027,1.055
515,0.027,-0.082,0.855
516,0.082,-0.109,1.078
517,0.094,-0.164,0.953
518,0.023,0.000,0.941
519,0.086,-0.047,0.977
520,-0.023,0.000,0.898
521,-0.008,-0.039,1.027
522,-0.043,-0.109,0.902
523,0.059,-0.074,0.930
524,0.094,-0.066,1.066
525,-0.039,0.031,0.949
526,0.117,-0.055,0.910
527,0.000,-0.145,1.031
528,0.043,-0.059,0.910
529,0.031,0.008,0.930
530,0.016,-0.070,0.984
531,0.043,-0.078,1.000
532,0.031,-0.098,0.941
533,0.008,-0.066,1.000
534,0.047,0.094,0.906
535,-0.023,-0.137,0.977
536,0.086,-0.102,1.035
537,0.020,-0.047,0.930
538,0.027,-0.008,0.977
539,0.070,-0.082,0.941
540,-0.066,-0.168,1.008
541,0.047,-0.082,0.980
542,0.039,0.074,0.883
543,0.023,-0.055,1.031
544,0.152,-0.121,0.973
545,-0.016,-0.094,0.930
546,0.074,-0.117,0.988
547,0.043,0.023,0.887
548,-0.074,0.074,0.992
549,0.059,-0.172,0.973
550,0.008,-0.016,0.918
551,-0.012,-0.098,1.047
552,0.094,0.027,0.910
553,0.004,-0.113,0.988
554,0.051,-0.062,0.930
555,-0.031,-0.047,0.992
556,0.020,-0.059,0.934
557,0.055,-0.012,0.918
558,0.113,-0.094,1.074
559,-0.074,-0.055,0.871
560,0.180,0.012,0.969
561,-0.066,-0.188,1.035
562,0.012,0.066,0.875
563,0.121,-0.125,1.016
564,-0.102,0.012,0.977
565,0.117,-0.066,0.938
566,0.012,-0.105,1.008
567,0.039,-0.102,0.969
568,0.074,-0.020,0.895
569,-0.012,-0.027,1.020
570,0.035,-0.078,0.980
571,0.016,-0.074,0.938
572,0.043,-0.020,0.945
573,0.062,0.043,0.922
574,0.062,-0.211,1.016
575,-0.031,-0.098,0.938
576,0.082,0.039,0.941
577,0.023,-0.117,1.012
578,0.000,-0.004,0.898
579,0.035,-0.125,1.000
580,0.008,-0.113,1.031
581,0.059,-0.043,0.891
582,0.012,0.020,0.984
583,0.035,-0.102,0.977
584,0.023,-0.047,0.949
585,0.047,-0.102,1.031
586,0.008,-0.023,0.883
587,0.039,0.000,0.984
588,0.051,-0.188,1.039
589,-0.070,0.020,0.863
590,0.141,-0.070,1.008
591,-0.070,-0.082,0.992
592,0.160,-0.016,0.941
593,0.039,-0.160,0.996
594,-0.047,0.027,0.918
595,0.059,-0.078,0.906
596,0.012,-0.031,1.047
597,0.023,-0.133,0.949
598,0.004,0.027,0.926
599,0.098,0.000,0.980
600,-0.047,-0.082,0.953
601,0.148,-0.156,1.027
602,-0.121,-0.016,0.844
603,0.070,0.039,1.027
604,0.055,-0.137,0.945
605,-0.094,0.039,1.000
606,0.312,-0.148,1.008
607,-0.176,0.004,0.863
608,0.152,-0.133,1.066
609,-0.004,-0.113,0.953
610,-0.094,0.059,0.945
611,0.180,-0.066,0.910
612,-0.172,0.043,1.047
613,0.172,-0.148,1.016
614,0.094,-0.125,0.906
615,-0.051,-0.078,1.000
616,0.090,-0.039,0.910
617,-0.035,0.031,0.957
618,0.035,-0.160,1.004
619,0.016,-0.043,0.902
620,0.039,-0.039,1.039
621,-0.004,-0.012,0.902
622,0.211,-0.102,0.969
623,-0.113,-0.082,0.984
624,0.191,0.027,0.906
625,0.008,-0.137,0.984
626,-0.125,-0.016,0.941
627,0.133,-0.102,1.008
628,-0.219,0.031,0.945
629,0.156,-0.090,0.938
630,-0.012,0.004,1.027
631,0.086,-0.074,0.980
632,0.168,-0.180,0.879
633,-0.109,0.023,0.961
634,0.098,-0.078,1.000
635,-0.020,0.059,0.945
636,0.047,-0.141,0.969
637,0.027,-0.016,0.938
638,0.059,-0.027,0.973
639,0.020,-0.227,1.047
640,0.121,-0.031,0.867
641,-0.121,-0.047,1.031
642,0.086,0.102,1.016
643,-0.008,-0.105,0.859
644,0.027,-0.156,1.066
645,0.047,-0.125,0.887
646,-0.047,0.047,1.000
647,0.191,-0.035,0.961
648,-0.078,-0.023,0.965
649,0.027,-0.199,1.066
650,0.105,-0.020,0.812
651,-0.098,0.039,0.992
652,0.164,-0.180,1.027
653,0.020,-0.035,0.965
654,0.027,-0.016,0.879
655,0.031,-0.105,1.035
656,0.125,-0.012,1.023
657,0.027,-0.121,0.879
658,-0.035,-0.051,0.949
659,-0.047,-0.047,1.008
660,0.082,-0.043,0.996
661,-0.059,-0.098,0.926
662,0.062,0.066,1.000
663,0.082,-0.039,0.949
664,0.051,-0.180,0.984
665,0.102,-0.180,0.984
666,-0.012,0.090,0.922
667,0.016,-0.047,0.930
668,-0.062,-0.098,1.016
669,0.125,-0.023,1.004
670,-0.023,-0.098,0.906
671,0.082,-0.051,0.980
672,0.023,-0.051,0.930
673,0.059,0.008,1.008
674,0.062,-0.148,0.941
675,-0.137,-0.039,0.887
676,0.148,-0.082,1.051
677,-0.113,-0.078,0.996
678,0.137,-0.043,0.863
679,0.082,-0.078,1.016
680,-0.035,0.039,0.922
681,0.176,-0.191,0.980
682,0.008,-0.074,0.977
683,-0.066,-0.031,0.973
684,0.137,0.051,0.918
685,-0.141,-0.070,0.934
686,0.059,-0.129,1.062
687,0.035,-0.082,0.980
688,0.059,0.066,0.922
689,0.090,-0.078,0.941
690,0.027,-0.086,1.082
691,0.047,-0.137,0.895
692,0.082,-0.094,0.895
693,-0.094,-0.023,1.031
694,0.055,0.141,0.926
695,0.043,-0.246,1.023
696,-0.074,-0.078,0.988
697,0.043,0.035,0.953
698,0.117,0.031,0.984
699,-0.012,-0.176,0.895
700,0.070,-0.066,1.027
701,-0.043,-0.020,0.922
702,0.035,0.062,0.883
703,0.086,-0.137,1.043
704,-0.020,-0.066,0.961
705,0.047,-0.102,0.941
706,0.066,-0.027,0.988
707,0.012,-0.055,1.008
708,0.129,-0.031,0.895
709,-0.195,-0.176,1.012
710,0.156,0.059,0.957
711,-0.156,-0.043,0.930
712,0.211,-0.008,1.020
713,-0.016,-0.098,0.898
714,0.098,-0.027,1.055
715,0.102,-0.223,0.910
716,-0.004,0.047,0.934
717,0.043,-0.105,0.941
718,-0.133,0.016,0.973
719,0.027,-0.078,0.980
720,0.000,-0.047,0.965
721,0.164,-0.031,1.043
722,-0.074,-0.113,0.914
723,0.234,-0.047,1.031
724,-0.070,-0.066,0.844
725,-0.020,0.043,1.008
726,0.070,-0.207,0.879
727,-0.215,0.105,0.984
728,0.312,-0.152,1.008
729,-0.152,0.004,0.902
730,0.188,-0.086,1.109
731,0.086,-0.129,0.859
732,-0.043,-0.023,0.984
733,0.215,-0.141,0.977
734,-0.184,0.102,0.910
735,0.023,-0.125,0.977
736,0.059,-0.094,0.984
737,-0.051,0.027,1.000
738,0.113,-0.031,0.891
739,0.078,-0.078,1.020
740,-0.051,-0.191,1.016
741,0.262,-0.004,0.941
742,-0.184,-0.039,0.930
743,0.074,0.027,0.961
744,0.004,-0.238,1.004
745,-0.121,0.062,0.914
746,0.258,-0.113,0.977
747,-0.086,0.070,0.934
748,0.035,-0.109,1.047
749,0.207,-0.109,0.914
750,-0.172,-0.004,0.977
751,0.254,-0.070,0.930
752,-0.133,-0.039,0.938
753,0.059,-0.133,1.039
754,0.078,-0.066,0.984
755,-0.031,0.133,0.922
756,0.020,-0.207,0.953
757,0.121,0.016,0.973
758,-0.098,-0.199,1.012
759,0.199,0.047,0.855
760,0.000,-0.020,1.055
761,-0.105,0.008,0.953
762,0.207,-0.188,0.938
763,-0.156,-0.086,0.980
764,0.121,-0.020,0.961
765,-0.012,0.008,0.934
766,0.012,-0.086,1.070
767,0.172,-0.164,0.891
768,-0.098,0.031,0.953
769,0.172,-0.094,0.988
770,-0.027,-0.059,0.867
771,-0.035,-0.164,1.094
772,0.070,0.055,0.910
773,-0.047,0.113,0.910
774,0.109,-0.199,1.023
775,0.051,-0.043,0.953
776,-0.004,-0.203,1.016
777,0.148,-0.020,0.891
778,-0.039,0.102,0.957
779,0.047,-0.133,1.027
780,0.035,-0.109,0.844
781,-0.059,-0.035,1.020
782,0.152,-0.047,0.984
783,0.012,0.000,0.922
784,0.031,-0.113,1.027
785,0.000,-0.047,0.961
786,0.074,0.008,0.953
787,-0.090,-0.148,0.930
788,0.113,-0.008,1.004
789,-0.059,-0.082,0.957
790,0.047,-0.008,0.941
791,0.117,-0.129,1.004
792,-0.109,-0.070,0.949
793,0.281,-0.074,0.988
794,-0.105,0.008,0.895
795,0.086,-0.016,0.996
796,0.039,-0.145,0.996
797,-0.141,-0.039,0.918
798,0.164,-0.082,0.965
799,-0.188,-0.031,0.973
800,0.176,-0.004,1.016
801,-0.035,-0.086,0.980
802,0.141,-0.047,0.961
803,-0.035,-0.117,0.887
804,0.180,-0.008,1.004
805,-0.094,-0.207,0.992
806,0.074,0.051,0.918
807,-0.008,-0.133,0.988
808,0.012,0.137,0.953
809,0.102,-0.199,1.004
810,-0.031,-0.047,0.961
811,0.035,-0.125,0.910
812,0.008,0.012,0.980
813,0.043,-0.020,0.945
814,0.090,-0.082,0.945
815,-0.016,-0.051,1.074
816,0.062,-0.098,0.883
817,0.102,-0.055,0.969
818,-0.020,-0.133,0.941
819,-0.043,-0.039,0.988
820,0.023,0.039,0.961
821,-0.031,-0.055,0.961
822,0.184,-0.055,1.035
823,-0.141,-0.094,0.883
824,0.070,-0.051,1.020
825,0.090,-0.109,0.969
826,-0.082,0.043,0.934
827,0.191,-0.094,1.000
828,-0.066,0.016,0.938
829,0.031,-0.113,0.992
830,0.191,-0.191,0.965
831,-0.121,0.023,0.902
832,0.148,-0.062,0.988
833,0.004,-0.047,1.008
834,-0.094,-0.059,0.980
835,0.168,-0.043,0.910
836,-0.145,-0.020,0.965
837,0.016,-0.070,0.996
838,0.117,-0.090,0.918
839,-0.078,-0.023,1.051
840,0.219,-0.066,0.871
841,-0.027,-0.102,0.984
842,-0.004,-0.113,0.996
843,0.121,-0.098,0.965
844,-0.098,-0.047,0.980
845,0.070,-0.004,0.906
846,0.047,0.020,0.930
847,-0.078,-0.191,1.090
848,0.172,-0.059,0.918
849,-0.113,0.066,0.906
850,0.121,-0.059,1.051
851,0.016,-0.043,0.883
852,-0.020,-0.125,1.055
853,0.094,-0.051,0.828
854,-0.074,0.055,1.035
855,0.215,-0.246,0.996
856,-0.047,-0.066,0.855
857,0.023,-0.012,1.094
858,0.047,-0.023,0.914
859,0.051,-0.012,0.988
860,0.043,-0.180,0.934
861,-0.031,0.012,0.949
862,0.016,-0.062,0.988
863,0.004,-0.078,0.941
864,0.023,-0.043,1.016
865,-0.012,0.055,0.879
866,0.086,-0.098,1.027
867,0.039,-0.164,0.977
868,0.012,-0.070,0.930
869,0.176,-0.059,1.047
870,-0.074,0.016,0.836
871,0.082,-0.121,1.066
872,0.012,-0.047,0.977
873,-0.035,-0.043,0.867
874,0.125,-0.148,1.023
875,-0.098,0.059,0.926
876,0.074,-0.047,1.070
877,0.105,-0.074,0.879
878,-0.090,-0.020,0.926
879,0.070,-0.086,1.023
880,0.121,-0.070,0.973
881,-0.051,-0.082,0.871
882,0.039,-0.109,1.066
883,0.043,-0.008,0.969
884,0.008,-0.027,0.844
885,0.125,-0.219,1.055
886,-0.152,0.047,0.957
887,0.176,-0.039,0.973
888,0.016,-0.062,0.867
889,-0.047,0.035,1.102
890,0.219,-0.082,0.867
891,-0.172,-0.016,0.957
892,0.199,-0.113,0.973
893,-0.094,-0.086,1.004
894,0.090,-0.035,1.008
895,0.027,-0.113,0.855
896,-0.066,0.039,1.027
897,0.129,-0.242,1.016
898,0.008,0.109,0.945
899,0.141,-0.098,0.949
900,-0.062,-0.027,0.918
901,0.090,-0.090,1.051
902,-0.023,-0.102,0.863
903,-0.008,0.074,0.957
904,0.051,-0.023,1.016
905,-0.031,-0.051,0.934
906,0.184,-0.207,1.074
907,-0.070,-0.023,0.910
908,0.133,-0.055,0.957
909,0.020,-0.086,0.930
910,-0.082,-0.023,1.027
911,0.195,-0.105,0.918
912,-0.164,0.035,0.910
913,0.133,-0.086,1.086
914,0.133,-0.086,1.086
915,-0.035,-0.008,0.898
916,0.082,-0.129,0.977
917,-0.023,-0.051,0.949
918,-0.027,0.121,0.977
919,0.125,-0.105,0.957
920,-0.012,-0.074,0.941
921,0.031,-0.152,1.004
922,0.117,-0.004,0.953
923,-0.012,-0.113,0.855
924,0.008,-0.078,1.090
925,0.102,-0.004,0.961
926,-0.078,0.023,0.867
927,0.180,-0.121,1.043
928,-0.109,-0.062,0.883
929,0.094,-0.074,1.078
930,0.051,-0.094,0.824
931,-0.094,0.156,1.055
932,0.160,-0.160,1.004
933,-0.047,-0.055,0.887
934,0.027,-0.172,1.020
935,0.117,-0.090,0.961
936,-0.086,0.023,0.945
937,0.125,-0.105,0.977
938,0.070,0.027,1.008
939,-0.074,-0.043,0.938
940,0.199,-0.082,0.930
941,-0.062,-0.105,1.035
942,0.027,-0.078,0.961
943,0.098,-0.016,0.910
944,-0.203,0.051,0.977
945,0.238,-0.109,1.000
946,-0.184,-0.105,0.980
947,0.176,-0.082,0.922
948,0.039,-0.070,0.926
949,-0.062,-0.012,1.078
950,0.199,-0.086,0.867
951,-0.070,-0.043,1.031
952,0.086,-0.027,0.949
953,-0.043,-0.047,0.914
954,0.020,-0.117,1.070
955,0.027,-0.102,0.855
956,0.012,0.137,0.988
957,0.055,-0.117,0.914
958,0.082,-0.082,1.059
959,0.039,-0.168,0.984
960,-0.020,-0.016,0.879
961,0.121,-0.074,0.996
962,-0.074,0.004,0.945
963,0.047,-0.168,1.008
964,-0.004,0.027,0.914
965,0.012,-0.004,0.938
966,0.094,-0.133,1.027
967,-0.012,0.031,0.891
968,0.043,-0.129,1.008
969,0.086,-0.027,0.949
970,-0.117,-0.102,0.957
971,0.211,0.000,0.980
972,-0.039,-0.020,0.934
973,0.004,-0.152,1.031
974,0.152,-0.105,0.930
975,-0.133,-0.004,0.945
976,0.141,-0.105,1.020
977,-0.031,0.016,0.906
978,0.012,-0.027,1.008
979,0.121,-0.086,0.961
980,-0.090,-0.098,1.004
981,0.160,-0.055,0.973
982,-0.039,0.055,0.816
983,-0.004,-0.078,1.113
984,0.137,-0.152,0.969
985,-0.043,0.000,0.836
986,0.016,-0.168,1.055
987,0.125,0.000,0.945
988,-0.098,-0.086,0.953
989,0.129,-0.020,0.961
990,-0.043,-0.027,0.965
991,0.023,-0.051,0.996
992,0.168,-0.086,0.906
993,-0.184,-0.004,1.035
994,0.234,-0.082,0.926
995,-0.078,-0.035,0.887
996,0.031,-0.094,1.047
997,0.180,-0.109,0.934
998,-0.145,0.031,1.004
999,0.137,-0.148,0.941
Rate 1336, overflows 0
